epoch,time,loss,val_loss
2,0.022,0.6784929633140564,0.7272685170173645
