epoch,time,loss,val_loss
0,0.019,0.7194645404815674,0.7147555351257324
