epoch,time,loss,val_loss
18,0.027,0.6295379996299744,0.7222200036048889
