epoch,time,loss,val_loss
5,0.021,0.6795950531959534,0.7383249402046204
