epoch,time,loss,val_loss
24,0.026,0.7039480805397034,0.7425183057785034
