epoch,time,loss,val_loss
19,1.389,0.001994299003854394,0.00617632269859314
