epoch,time,loss,val_loss
22,2.998,0.015269904397428036,0.02314220741391182
