epoch,time,loss,val_loss
56,0.736,0.49403437972068787,0.4865218997001648
