epoch,time,loss,val_loss
36,3.855,0.004374195355921984,0.19023284316062927
