epoch,time,loss,val_loss
42,3.888,0.004315185826271772,0.1535821110010147
