epoch,time,loss,val_loss
18,2.485,0.016621917486190796,0.18508680164813995
