epoch,time,loss,val_loss
42,3.452,0.007310729939490557,0.031087035313248634
