epoch,time,loss,val_loss
20,2.436,0.01040953304618597,0.03198332339525223
