epoch,time,loss,val_loss
26,3.141,0.021569611504673958,0.16064667701721191
