epoch,time,loss,val_loss
2,0.884,0.5305306911468506,0.4146202504634857
