epoch,time,loss,val_loss
15,2.4,0.010488398373126984,0.17492859065532684
