epoch,time,loss,val_loss
45,0.887,0.510684609413147,0.5126187205314636
