epoch,time,loss,val_loss
9,1.5,0.0009738279040902853,0.016570156440138817
