epoch,time,loss,val_loss
10,2.164,0.0282529816031456,0.29933133721351624
