epoch,time,loss,val_loss
7,0.669,0.49224409461021423,0.4152297079563141
