epoch,time,loss,val_loss
1,1.093,0.5394781827926636,0.3663197159767151
