epoch,time,loss,val_loss
4,1.158,0.5117505192756653,0.42171040177345276
