epoch,time,loss,val_loss
67,0.863,0.47253844141960144,0.4712129533290863
