epoch,time,loss,val_loss
28,3.22,0.006071575917303562,0.03795521333813667
