epoch,time,loss,val_loss
3,0.668,0.5108239054679871,0.45541051030158997
