epoch,time,loss,val_loss
44,1.57,0.4793761670589447,0.4602487087249756
