epoch,time,loss,val_loss
6,2.193,0.05164927989244461,0.171399787068367
