epoch,time,loss,val_loss
22,1.059,0.4906015694141388,0.4670092761516571
