epoch,time,loss,val_loss
17,1.795,0.2918400764465332,0.34816619753837585
