epoch,time,loss,val_loss
50,2.927,0.0005739296902902424,0.013246985152363777
