epoch,time,loss,val_loss
7,2.126,0.02096213586628437,0.1661769151687622
