epoch,time,loss,val_loss
14,1.257,0.5006911754608154,0.4215319752693176
