epoch,time,loss,val_loss
19,1.089,0.47277703881263733,0.48090195655822754
