epoch,time,loss,val_loss
9,2.378,0.04206205904483795,0.20478132367134094
