epoch,time,loss,val_loss
24,2.938,0.005311443004757166,0.14594502747058868
