epoch,time,loss,val_loss
35,3.538,0.014744666405022144,0.11747822165489197
