epoch,time,loss,val_loss
65,0.689,0.5504308938980103,0.5475307106971741
