epoch,time,loss,val_loss
65,0.78,0.5535957217216492,0.5446770787239075
