epoch,time,loss,val_loss
125,1.314,0.49932047724723816,0.5081817507743835
