epoch,time,loss,val_loss
17,2.623,0.014788523316383362,0.18547874689102173
