epoch,time,loss,val_loss
5,1.308,0.008609369397163391,0.03592657297849655
