epoch,time,loss,val_loss
22,1.935,0.003250943263992667,0.0060339453630149364
