epoch,time,loss,val_loss
4,1.253,0.31095635890960693,0.3876412510871887
