epoch,time,loss,val_loss
9,2.028,0.02135103940963745,0.1965530812740326
