epoch,time,loss,val_loss
16,1.719,0.009184050373733044,0.018788542598485947
