epoch,time,loss,val_loss
21,2.899,0.011350804008543491,0.2540414333343506
