epoch,time,loss,val_loss
70,0.765,0.5602150559425354,0.563019871711731
