epoch,time,loss,val_loss
10,2.1,0.02054978534579277,0.17972810566425323
