epoch,time,loss,val_loss
60,5.302,0.011773280799388885,0.14565715193748474
