epoch,time,loss,val_loss
1,0.602,0.531379759311676,0.35390087962150574
