epoch,time,loss,val_loss
37,3.773,0.020431874319911003,0.1892847865819931
