epoch,time,loss,val_loss
70,1.182,0.4987896978855133,0.4976055324077606
