epoch,time,loss,val_loss
17,1.263,0.5239117741584778,0.3609602451324463
