epoch,time,loss,val_loss
22,1.402,0.4942692220211029,0.36773043870925903
