epoch,time,loss,val_loss
11,0.953,0.486294150352478,0.419827401638031
