epoch,time,loss,val_loss
2,1.882,0.13426223397254944,0.23131081461906433
