epoch,time,loss,val_loss
6,0.711,0.5075342655181885,0.4464610815048218
