epoch,time,loss,val_loss
17,2.524,0.005342466756701469,0.16787652671337128
