epoch,time,loss,val_loss
29,2.834,0.009845990687608719,0.01205085776746273
