epoch,time,loss,val_loss
40,2.714,0.0009262117091566324,0.01597530208528042
