epoch,time,loss,val_loss
0,0.659,0.5582693219184875,0.4369508922100067
