epoch,time,loss,val_loss
9,1.539,0.009856685996055603,0.028226112946867943
