epoch,time,loss,val_loss
22,1.891,0.017765380442142487,0.011632455512881279
