epoch,time,loss,val_loss
6,1.905,0.034416258335113525,0.21260040998458862
