epoch,time,loss,val_loss
21,1.968,0.00040303432615473866,0.02024509198963642
