epoch,time,loss,val_loss
20,3.014,0.012322302907705307,0.19087043404579163
