epoch,time,loss,val_loss
37,3.16,0.0010201162658631802,0.018439924344420433
