epoch,time,loss,val_loss
39,1.193,0.49034759402275085,0.4615211486816406
