epoch,time,loss,val_loss
29,3.488,0.0068345400504767895,0.020774925127625465
