epoch,time,loss,val_loss
53,4.406,0.006826676893979311,0.171888068318367
