epoch,time,loss,val_loss
34,2.014,0.494019091129303,0.41076430678367615
