epoch,time,loss,val_loss
33,3.833,0.02220628410577774,0.16235390305519104
