epoch,time,loss,val_loss
12,2.567,0.017103536054491997,0.15913715958595276
