epoch,time,loss,val_loss
24,2.929,0.0026009820867329836,0.16019009053707123
