epoch,time,loss,val_loss
46,4.046,0.0010699883569031954,0.15794317424297333
