epoch,time,loss,val_loss
94,1.124,0.4903096556663513,0.49074387550354004
