epoch,time,loss,val_loss
31,3.44,0.008779948577284813,0.22506506741046906
