epoch,time,loss,val_loss
14,0.957,0.5080510377883911,0.4201916754245758
