epoch,time,loss,val_loss
0,0.642,0.5546356439590454,0.4242585003376007
