epoch,time,loss,val_loss
3,0.606,0.510483980178833,0.4861418902873993
