epoch,time,loss,val_loss
20,2.743,0.013246332295238972,0.15495842695236206
