epoch,time,loss,val_loss
9,1.509,0.0024233555886894464,0.015790410339832306
