epoch,time,loss,val_loss
19,3.057,0.03324132040143013,0.17999114096164703
