epoch,time,loss,val_loss
10,2.117,0.015966635197401047,0.2272125780582428
