epoch,time,loss,val_loss
173,1.481,0.5666775703430176,0.5653834939002991
