epoch,time,loss,val_loss
35,1.88,0.003200732870027423,0.009517067112028599
