epoch,time,loss,val_loss
5,1.296,0.28745314478874207,0.3588220775127411
