epoch,time,loss,val_loss
15,1.255,0.009467894211411476,0.013035343959927559
