epoch,time,loss,val_loss
130,1.88,0.49266308546066284,0.48653706908226013
