epoch,time,loss,val_loss
8,1.027,0.5061473846435547,0.3826208710670471
