epoch,time,loss,val_loss
4,1.157,0.5392385125160217,0.4206777811050415
