epoch,time,loss,val_loss
20,2.798,0.012237675487995148,0.14666342735290527
