epoch,time,loss,val_loss
18,0.97,0.4835837185382843,0.4759071171283722
