epoch,time,loss,val_loss
2,0.649,0.5007317662239075,0.46396008133888245
