epoch,time,loss,val_loss
81,4.046,0.0005811884766444564,0.009869306348264217
