epoch,time,loss,val_loss
108,1.552,0.5509079694747925,0.544310450553894
