epoch,time,loss,val_loss
263,2.628,0.569790244102478,0.5739225745201111
