epoch,time,loss,val_loss
43,1.572,0.48388463258743286,0.5065400004386902
