epoch,time,loss,val_loss
12,1.554,0.2747425436973572,0.3207303285598755
