epoch,time,loss,val_loss
18,2.506,0.0031576850451529026,0.18592149019241333
