epoch,time,loss,val_loss
67,5.158,0.000922101316973567,0.16600748896598816
