epoch,time,loss,val_loss
18,0.988,0.49166423082351685,0.47017520666122437
