epoch,time,loss,val_loss
102,1.498,0.5577117204666138,0.5630289316177368
