epoch,time,loss,val_loss
183,1.6,0.5323982238769531,0.533381462097168
