epoch,time,loss,val_loss
41,4.193,0.006573962979018688,0.03359456732869148
