epoch,time,loss,val_loss
31,2.206,0.003932367544621229,0.013870415277779102
