epoch,time,loss,val_loss
1,0.704,0.5060102343559265,0.4353354871273041
