epoch,time,loss,val_loss
1,1.166,0.35716599225997925,0.3534316122531891
