epoch,time,loss,val_loss
7,0.806,0.484190434217453,0.44799500703811646
