epoch,time,loss,val_loss
6,2.009,0.034063249826431274,0.20042726397514343
