epoch,time,loss,val_loss
122,1.395,0.5062469840049744,0.5103960037231445
