epoch,time,loss,val_loss
29,1.623,0.49266254901885986,0.38721492886543274
