epoch,time,loss,val_loss
27,3.264,0.0028773057274520397,0.19026893377304077
