epoch,time,loss,val_loss
153,1.489,0.5053990483283997,0.49415457248687744
