epoch,time,loss,val_loss
7,1.431,0.3039900064468384,0.3554614186286926
