epoch,time,loss,val_loss
41,4.021,0.016912363469600677,0.14522399008274078
