epoch,time,loss,val_loss
3,1.723,0.05440983548760414,0.2275364100933075
