epoch,time,loss,val_loss
49,4.674,0.00937002431601286,0.035575732588768005
