epoch,time,loss,val_loss
1,0.665,0.5297563076019287,0.4512452483177185
