epoch,time,loss,val_loss
42,3.012,0.01805821806192398,0.01275060884654522
