epoch,time,loss,val_loss
22,1.992,0.017413724213838577,0.02419842965900898
