epoch,time,loss,val_loss
11,2.428,0.020052041858434677,0.1763981580734253
