epoch,time,loss,val_loss
17,2.434,0.004825266543775797,0.19220246374607086
