epoch,time,loss,val_loss
13,0.955,0.4900711476802826,0.41301393508911133
