epoch,time,loss,val_loss
41,3.638,0.017185797914862633,0.14866821467876434
