epoch,time,loss,val_loss
5,1.293,0.29191210865974426,0.32173651456832886
