epoch,time,loss,val_loss
8,2.21,0.03362853452563286,0.2028389871120453
