epoch,time,loss,val_loss
67,5.534,0.0005983358132652938,0.019334303215146065
