epoch,time,loss,val_loss
31,3.3,0.002794840605929494,0.14501936733722687
