epoch,time,loss,val_loss
21,2.939,0.014587840996682644,0.1638127714395523
