epoch,time,loss,val_loss
13,2.063,0.028285356238484383,0.041698306798934937
