epoch,time,loss,val_loss
11,0.793,0.49269112944602966,0.46821579337120056
