epoch,time,loss,val_loss
43,2.661,0.0020399282220751047,0.013110307976603508
