epoch,time,loss,val_loss
0,0.585,0.565862238407135,0.4714612662792206
