epoch,time,loss,val_loss
24,0.52,0.5639962553977966,0.5607284903526306
