epoch,time,loss,val_loss
38,1.201,0.49188002943992615,0.47468388080596924
