epoch,time,loss,val_loss
29,1.684,0.002994843292981386,0.012037402018904686
