epoch,time,loss,val_loss
0,1.645,0.44326743483543396,0.19195647537708282
