epoch,time,loss,val_loss
54,4.173,0.013574021868407726,0.14465127885341644
