epoch,time,loss,val_loss
114,1.73,0.4881150722503662,0.48725393414497375
