epoch,time,loss,val_loss
29,1.263,0.4560507833957672,0.40911659598350525
