epoch,time,loss,val_loss
54,3.892,0.007927389815449715,0.023983066901564598
