epoch,time,loss,val_loss
37,1.244,0.49580392241477966,0.4795023798942566
