epoch,time,loss,val_loss
2,0.696,0.5150097012519836,0.4718005359172821
