epoch,time,loss,val_loss
23,2.991,0.019174693152308464,0.227733314037323
