epoch,time,loss,val_loss
25,3.3,0.020968466997146606,0.20058582723140717
