epoch,time,loss,val_loss
103,1.074,0.4982038140296936,0.4973472058773041
