epoch,time,loss,val_loss
2,0.85,0.5373497605323792,0.38570523262023926
