epoch,time,loss,val_loss
58,0.981,0.5504880547523499,0.5471535325050354
