epoch,time,loss,val_loss
16,2.394,0.012710727751255035,0.1990336924791336
