epoch,time,loss,val_loss
20,3.039,0.013308791443705559,0.26092398166656494
