epoch,time,loss,val_loss
21,1.903,0.00980876199901104,0.01765294000506401
