epoch,time,loss,val_loss
20,2.08,0.0011762629728764296,0.013854317367076874
