epoch,time,loss,val_loss
16,1.719,0.023106539621949196,0.03271930664777756
