epoch,time,loss,val_loss
8,1.072,0.010988450609147549,0.013252249918878078
