epoch,time,loss,val_loss
63,1.094,0.5174726843833923,0.5179978013038635
