epoch,time,loss,val_loss
113,1.678,0.5664876103401184,0.5662768483161926
