epoch,time,loss,val_loss
137,1.198,0.5603025555610657,0.5565130114555359
