epoch,time,loss,val_loss
32,3.633,0.006404070649296045,0.19812661409378052
