epoch,time,loss,val_loss
40,2.564,0.016077855601906776,0.016638636589050293
