epoch,time,loss,val_loss
23,1.446,0.48291170597076416,0.3864857852458954
