epoch,time,loss,val_loss
12,0.717,0.49142593145370483,0.4436469078063965
