epoch,time,loss,val_loss
10,2.12,0.031304508447647095,0.1841968595981598
