epoch,time,loss,val_loss
45,4.288,0.01425744779407978,0.16533376276493073
