epoch,time,loss,val_loss
6,2.104,0.03705330565571785,0.1333342343568802
