epoch,time,loss,val_loss
28,3.194,0.003985316958278418,0.019285030663013458
