epoch,time,loss,val_loss
15,2.382,0.008745980449020863,0.14660044014453888
