epoch,time,loss,val_loss
2,1.221,0.32224756479263306,0.30829939246177673
