epoch,time,loss,val_loss
20,2.838,0.01165939960628748,0.15986187756061554
