epoch,time,loss,val_loss
41,3.6,0.02820497378706932,0.19090108573436737
