epoch,time,loss,val_loss
15,2.545,0.017786690965294838,0.18288955092430115
