epoch,time,loss,val_loss
56,0.787,0.5168660283088684,0.518005907535553
