epoch,time,loss,val_loss
11,1.218,0.4842078387737274,0.3331398367881775
