epoch,time,loss,val_loss
17,1.311,0.510729968547821,0.4173346757888794
