epoch,time,loss,val_loss
29,3.236,0.0008924194844439626,0.02589464746415615
