epoch,time,loss,val_loss
3,1.317,0.301686555147171,0.3417304754257202
