epoch,time,loss,val_loss
0,0.961,0.5802701711654663,0.33789893984794617
