epoch,time,loss,val_loss
9,2.373,0.028436053544282913,0.22715997695922852
