epoch,time,loss,val_loss
4,1.306,0.3050479292869568,0.32393360137939453
