epoch,time,loss,val_loss
81,0.968,0.48841172456741333,0.4882923662662506
