epoch,time,loss,val_loss
0,0.923,0.5792396068572998,0.39703255891799927
