epoch,time,loss,val_loss
2,1.717,0.088165782392025,0.15688547492027283
