epoch,time,loss,val_loss
3,0.657,0.5263038277626038,0.4351414144039154
