epoch,time,loss,val_loss
14,2.325,0.012667462229728699,0.16971798241138458
