epoch,time,loss,val_loss
48,2.9,0.003547844011336565,0.008853727951645851
