epoch,time,loss,val_loss
4,1.907,0.04398595541715622,0.2018575370311737
