epoch,time,loss,val_loss
7,1.569,0.008033436723053455,0.00624218862503767
