epoch,time,loss,val_loss
24,2.227,0.004371370188891888,0.017113804817199707
