epoch,time,loss,val_loss
7,2.085,0.03254549205303192,0.16677305102348328
