epoch,time,loss,val_loss
104,1.476,0.47097551822662354,0.4702109694480896
