epoch,time,loss,val_loss
20,2.777,0.004539151675999165,0.17183782160282135
