epoch,time,loss,val_loss
7,1.959,0.03662211075425148,0.18054407835006714
