epoch,time,loss,val_loss
0,1.133,0.42069011926651,0.27580782771110535
