epoch,time,loss,val_loss
41,0.869,0.5228267312049866,0.5175678730010986
