epoch,time,loss,val_loss
29,0.441,0.5708529949188232,0.5654046535491943
