epoch,time,loss,val_loss
1,1.205,0.35246267914772034,0.27691850066185
