epoch,time,loss,val_loss
214,2.69,0.5322729349136353,0.5336974859237671
