epoch,time,loss,val_loss
66,5.485,0.0006867593037895858,0.010365758091211319
