epoch,time,loss,val_loss
19,1.803,0.2688257098197937,0.315913587808609
