epoch,time,loss,val_loss
56,0.713,0.5215417146682739,0.5165743231773376
