epoch,time,loss,val_loss
46,4.259,0.007887601852416992,0.2389395534992218
