epoch,time,loss,val_loss
39,3.26,0.011589309200644493,0.03750690072774887
