epoch,time,loss,val_loss
39,2.586,0.00836881622672081,0.023156234994530678
