epoch,time,loss,val_loss
31,1.686,0.49272239208221436,0.3723531663417816
