epoch,time,loss,val_loss
45,3.529,0.0021385475993156433,0.010562368668615818
