epoch,time,loss,val_loss
94,1.435,0.5086754560470581,0.49528399109840393
