epoch,time,loss,val_loss
105,1.563,0.5488772392272949,0.5424157381057739
