epoch,time,loss,val_loss
225,1.807,0.5449531078338623,0.5408941507339478
