epoch,time,loss,val_loss
10,2.172,0.016397016122937202,0.14716237783432007
