epoch,time,loss,val_loss
11,0.85,0.49132388830184937,0.518288254737854
