epoch,time,loss,val_loss
0,0.688,0.5565144419670105,0.4213389754295349
