epoch,time,loss,val_loss
9,2.263,0.02806314080953598,0.192323699593544
