epoch,time,loss,val_loss
27,2.37,0.0025199076626449823,0.011545151472091675
