epoch,time,loss,val_loss
30,2.219,0.004608241841197014,0.008461864665150642
