epoch,time,loss,val_loss
2,1.176,0.33257612586021423,0.32984301447868347
