epoch,time,loss,val_loss
34,2.292,0.006673468742519617,0.009133873507380486
