epoch,time,loss,val_loss
131,1.849,0.4991220235824585,0.5081602931022644
