epoch,time,loss,val_loss
72,5.441,0.008731706999242306,0.18078933656215668
