epoch,time,loss,val_loss
3,0.574,0.47606849670410156,0.3826678991317749
