epoch,time,loss,val_loss
4,0.977,0.5426453351974487,0.3851052224636078
