epoch,time,loss,val_loss
86,4.192,0.0010816330322995782,0.020083725452423096
