epoch,time,loss,val_loss
45,3.772,0.0012809409527108073,0.15369245409965515
