epoch,time,loss,val_loss
32,3.443,0.0024120896123349667,0.01916094496846199
