epoch,time,loss,val_loss
153,1.395,0.5566803812980652,0.5591115951538086
