epoch,time,loss,val_loss
10,1.513,0.28561970591545105,0.35373038053512573
