epoch,time,loss,val_loss
3,1.21,0.332629919052124,0.3835584223270416
