epoch,time,loss,val_loss
8,1.112,0.5311499238014221,0.38925042748451233
