epoch,time,loss,val_loss
15,1.675,0.2761516273021698,0.2849654257297516
