epoch,time,loss,val_loss
3,1.22,0.31561702489852905,0.42422714829444885
