epoch,time,loss,val_loss
31,2.915,0.00355155230499804,0.02007075399160385
