epoch,time,loss,val_loss
133,1.174,0.5711144208908081,0.5751281976699829
