epoch,time,loss,val_loss
7,0.735,0.5154107213020325,0.4278276860713959
