epoch,time,loss,val_loss
8,1.432,0.0018449443159624934,0.011287832632660866
