epoch,time,loss,val_loss
15,1.321,0.5106852054595947,0.3921591639518738
