epoch,time,loss,val_loss
9,2.158,0.027031725272536278,0.2100771814584732
