epoch,time,loss,val_loss
63,2.611,0.004566016141325235,0.006141855847090483
