epoch,time,loss,val_loss
6,1.341,0.2973026633262634,0.23061591386795044
