epoch,time,loss,val_loss
11,2.368,0.023438552394509315,0.20197387039661407
