epoch,time,loss,val_loss
50,3.255,0.0016287670005112886,0.018109411001205444
