epoch,time,loss,val_loss
7,2.266,0.042723290622234344,0.18308524787425995
