epoch,time,loss,val_loss
3,0.936,0.02018705941736698,0.004040759056806564
