epoch,time,loss,val_loss
18,2.838,0.026524674147367477,0.19376574456691742
