epoch,time,loss,val_loss
34,1.33,0.48803985118865967,0.4415355324745178
