epoch,time,loss,val_loss
29,1.229,0.5114169120788574,0.4512145519256592
