epoch,time,loss,val_loss
148,1.987,0.5616153478622437,0.5566833019256592
