epoch,time,loss,val_loss
1,0.686,0.5009863376617432,0.4669058918952942
