epoch,time,loss,val_loss
16,2.745,0.01320383045822382,0.2173435539007187
