epoch,time,loss,val_loss
16,2.808,0.015620458871126175,0.14080317318439484
