epoch,time,loss,val_loss
69,1.159,0.5692290663719177,0.5652669072151184
