epoch,time,loss,val_loss
48,3.704,0.012509417720139027,0.037810731679201126
