epoch,time,loss,val_loss
15,1.444,0.0012545809149742126,0.010033807717263699
