epoch,time,loss,val_loss
53,4.667,0.016500070691108704,0.16513141989707947
