epoch,time,loss,val_loss
3,1.911,0.09611941128969193,0.16234742105007172
