epoch,time,loss,val_loss
3,1.19,0.33517831563949585,0.2781728506088257
