epoch,time,loss,val_loss
26,1.021,0.4884447455406189,0.46475985646247864
