epoch,time,loss,val_loss
25,1.214,0.5081742405891418,0.44956427812576294
