epoch,time,loss,val_loss
17,2.699,0.025519508868455887,0.15264391899108887
