epoch,time,loss,val_loss
16,1.285,0.004376493394374847,0.011743146926164627
