epoch,time,loss,val_loss
22,1.449,0.0008042940171435475,0.014399055391550064
