epoch,time,loss,val_loss
1,0.73,0.5146326422691345,0.3982957899570465
