epoch,time,loss,val_loss
59,1.016,0.49334925413131714,0.491025447845459
