epoch,time,loss,val_loss
27,2.072,0.00799055676907301,0.02084883116185665
