epoch,time,loss,val_loss
13,0.888,0.48628729581832886,0.4893195331096649
