epoch,time,loss,val_loss
31,3.096,0.0037527773529291153,0.13989341259002686
