epoch,time,loss,val_loss
12,2.327,0.01805388182401657,0.24295105040073395
