epoch,time,loss,val_loss
17,1.122,0.003924257587641478,0.004309031646698713
