epoch,time,loss,val_loss
25,5.953,0.0019147195853292942,0.006682200822979212
