epoch,time,loss,val_loss
2,0.771,0.009350568987429142,0.00849488377571106
