epoch,time,loss,val_loss
33,6.862,0.006625215522944927,0.005408966913819313
