epoch,time,loss,val_loss
62,9.992,0.0003312584012746811,0.004112809896469116
