epoch,time,loss,val_loss
42,1.728,0.0014846278354525566,0.0039959256537258625
