epoch,time,loss,val_loss
13,1.056,0.002856738166883588,0.005435807630419731
