epoch,time,loss,val_loss
7,4.031,0.005506133195012808,0.004320134408771992
