epoch,time,loss,val_loss
22,1.257,0.0023177906405180693,0.011207254603505135
