epoch,time,loss,val_loss
34,6.979,0.003381292335689068,0.004650989547371864
