epoch,time,loss,val_loss
19,5.314,0.004664257634431124,0.006504541262984276
