epoch,time,loss,val_loss
7,0.916,0.00413588946685195,0.014219610020518303
