epoch,time,loss,val_loss
30,6.542,0.003331885440275073,0.005314619280397892
