epoch,time,loss,val_loss
20,1.207,0.002588084200397134,0.008691134862601757
