epoch,time,loss,val_loss
8,0.941,0.0022908649407327175,0.0034694357309490442
