epoch,time,loss,val_loss
20,1.208,0.01003160048276186,0.008307576179504395
