epoch,time,loss,val_loss
4,0.82,0.018675940111279488,0.010159260593354702
