epoch,time,loss,val_loss
9,4.254,0.009670823812484741,0.0057258144952356815
