epoch,time,loss,val_loss
20,5.506,0.0027129596564918756,0.004163097124546766
