epoch,time,loss,val_loss
56,9.23,0.0008531400235369802,0.004206967074424028
