epoch,time,loss,val_loss
8,1.156,0.5897827744483948,0.5267795920372009
