epoch,time,loss,val_loss
10,2.328,0.6028850078582764,0.5958086252212524
