epoch,time,loss,val_loss
80,6.171,0.6582205295562744,0.6599853038787842
