epoch,time,loss,val_loss
40,3.984,0.6611900925636292,0.6596876382827759
