epoch,time,loss,val_loss
38,5.1,0.6084005236625671,0.6087722182273865
