epoch,time,loss,val_loss
23,3.037,0.6098180413246155,0.6067063808441162
