epoch,time,loss,val_loss
77,5.994,0.6092988848686218,0.6117590069770813
