epoch,time,loss,val_loss
43,4.079,0.6596828103065491,0.6599282026290894
