epoch,time,loss,val_loss
52,1.572,0.5862349271774292,0.5821488499641418
