epoch,time,loss,val_loss
78,6.135,0.6622880101203918,0.6590589880943298
