epoch,time,loss,val_loss
4,1.045,0.566190242767334,0.44104743003845215
