epoch,time,loss,val_loss
57,4.981,0.6613520979881287,0.6596359014511108
