epoch,time,loss,val_loss
83,2.217,0.5717028379440308,0.5654474496841431
