epoch,time,loss,val_loss
77,6.03,0.6077543497085571,0.6087213754653931
