epoch,time,loss,val_loss
115,4.958,0.6553903222084045,0.6478093266487122
