epoch,time,loss,val_loss
8,1.202,0.5730364322662354,0.5161451101303101
