epoch,time,loss,val_loss
4,1.054,0.58907151222229,0.4992760419845581
