epoch,time,loss,val_loss
30,4.613,0.6017475724220276,0.5956882834434509
