epoch,time,loss,val_loss
83,6.504,0.5994811058044434,0.6000310778617859
