epoch,time,loss,val_loss
57,4.99,0.5984274744987488,0.5948692560195923
