epoch,time,loss,val_loss
9,1.263,0.5697895288467407,0.5356214642524719
