epoch,time,loss,val_loss
116,2.495,0.6401417851448059,0.6342793703079224
