epoch,time,loss,val_loss
57,6.509,0.6627579927444458,0.6591302156448364
