epoch,time,loss,val_loss
56,6.533,0.5998965501785278,0.5999401211738586
