epoch,time,loss,val_loss
38,1.316,0.5706772208213806,0.5617004036903381
