epoch,time,loss,val_loss
65,3.91,0.645885169506073,0.6417222619056702
