epoch,time,loss,val_loss
47,4.345,0.608708918094635,0.6075801849365234
