epoch,time,loss,val_loss
0,0.996,0.605300784111023,0.5261347889900208
