epoch,time,loss,val_loss
30,1.127,0.5689923763275146,0.5677619576454163
