epoch,time,loss,val_loss
68,1.753,0.5713684558868408,0.5744373798370361
