epoch,time,loss,val_loss
62,1.818,0.5706250071525574,0.5690527558326721
