epoch,time,loss,val_loss
5,1.071,0.5739734172821045,0.5173051953315735
