epoch,time,loss,val_loss
82,8.483,0.5985521078109741,0.594752848148346
