epoch,time,loss,val_loss
9,1.273,0.5824412703514099,0.4979296624660492
