epoch,time,loss,val_loss
5,1.059,0.584172785282135,0.5195749402046204
