epoch,time,loss,val_loss
1,0.949,0.5971623659133911,0.521126925945282
