epoch,time,loss,val_loss
38,4.876,0.6629124879837036,0.6632230281829834
