epoch,time,loss,val_loss
117,2.427,0.6526410579681396,0.6568657159805298
