epoch,time,loss,val_loss
46,1.425,0.5714608430862427,0.5703684687614441
