epoch,time,loss,val_loss
58,4.9,0.662708580493927,0.6631988883018494
