epoch,time,loss,val_loss
50,4.5,0.5999857187271118,0.5996367335319519
