epoch,time,loss,val_loss
52,4.607,0.6568123698234558,0.6530798673629761
