epoch,time,loss,val_loss
9,1.232,0.575196385383606,0.5239977240562439
