epoch,time,loss,val_loss
106,9.998,0.6094213724136353,0.6117165684700012
