epoch,time,loss,val_loss
9,1.155,0.5755593776702881,0.5205969214439392
