epoch,time,loss,val_loss
28,0.975,0.6551098227500916,0.6492106318473816
