epoch,time,loss,val_loss
22,1.604,0.5736157894134521,0.5154580473899841
