epoch,time,loss,val_loss
37,4.943,0.6568928956985474,0.6531374454498291
