epoch,time,loss,val_loss
111,10.405,0.658615231513977,0.6600872874259949
