epoch,time,loss,val_loss
28,1.158,0.5831954479217529,0.5658215880393982
