epoch,time,loss,val_loss
81,6.553,0.6655270457267761,0.6605109572410583
