epoch,time,loss,val_loss
56,1.506,0.6475495100021362,0.6445307731628418
