epoch,time,loss,val_loss
2,0.992,0.5893344879150391,0.45690804719924927
