epoch,time,loss,val_loss
60,5.326,0.6590338349342346,0.660107433795929
