epoch,time,loss,val_loss
117,8.25,0.6018575429916382,0.5948411226272583
