epoch,time,loss,val_loss
17,1.505,0.5558047294616699,0.5038741230964661
