epoch,time,loss,val_loss
28,4.33,0.6004571318626404,0.5996779799461365
