epoch,time,loss,val_loss
78,1.762,0.6384236812591553,0.6364821195602417
