epoch,time,loss,val_loss
3,1.017,0.5905373692512512,0.5463435649871826
