epoch,time,loss,val_loss
72,7.582,0.601993978023529,0.5947267413139343
