epoch,time,loss,val_loss
130,11.715,0.6654773354530334,0.6604542136192322
