epoch,time,loss,val_loss
72,1.828,0.5788660049438477,0.5757350325584412
