epoch,time,loss,val_loss
37,4.489,0.6591832041740417,0.6601113677024841
