epoch,time,loss,val_loss
28,1.699,0.5718284249305725,0.5061016082763672
