epoch,time,loss,val_loss
114,10.876,0.661156952381134,0.6594731211662292
