epoch,time,loss,val_loss
63,2.852,0.6438451409339905,0.6395900249481201
