epoch,time,loss,val_loss
69,6.821,0.6087395548820496,0.6075848937034607
