epoch,time,loss,val_loss
40,1.323,0.5587649345397949,0.5521737337112427
