epoch,time,loss,val_loss
4,1.058,0.5738558173179626,0.5018850564956665
