epoch,time,loss,val_loss
2,1.022,0.5780313014984131,0.4658384919166565
