epoch,time,loss,val_loss
31,4.559,0.667842447757721,0.6660057306289673
