epoch,time,loss,val_loss
50,2.8,0.6479616165161133,0.6471704840660095
