epoch,time,loss,val_loss
62,6.948,0.6093072295188904,0.6067788600921631
