epoch,time,loss,val_loss
104,7.517,0.6670321822166443,0.6656617522239685
