epoch,time,loss,val_loss
41,4.025,0.6108455657958984,0.6154131889343262
