epoch,time,loss,val_loss
35,4.87,0.6110122799873352,0.6155978441238403
