epoch,time,loss,val_loss
5,1.113,0.57416832447052,0.5055773258209229
