epoch,time,loss,val_loss
130,11.872,0.659496009349823,0.6598058342933655
