epoch,time,loss,val_loss
24,4.048,0.6618151664733887,0.6598613262176514
