epoch,time,loss,val_loss
90,4.507,0.6473850011825562,0.6435868740081787
