epoch,time,loss,val_loss
128,28.39,0.0034318252000957727,0.0066881668753921986
