epoch,time,loss,val_loss
87,4.572,0.0020714225247502327,0.02756505087018013
