epoch,time,loss,val_loss
49,10.89,0.00038806942757219076,0.003949825186282396
