epoch,time,loss,val_loss
40,8.784,0.004474499728530645,0.009466066025197506
