epoch,time,loss,val_loss
4,1.912,0.06715349853038788,0.22576764225959778
