epoch,time,loss,val_loss
6,2.079,0.045269377529621124,0.17051257193088531
