epoch,time,loss,val_loss
34,12.183,0.0022231817711144686,0.006301869638264179
