epoch,time,loss,val_loss
65,17.017,0.0025583573151379824,0.008824525400996208
