epoch,time,loss,val_loss
74,13.074,0.0014502423582598567,0.010599663481116295
