epoch,time,loss,val_loss
14,1.831,0.018437614664435387,0.0403665155172348
