epoch,time,loss,val_loss
32,10.668,0.0017274281708523631,0.0037790259812027216
