epoch,time,loss,val_loss
22,2.9,0.007828766480088234,0.1089085191488266
