epoch,time,loss,val_loss
18,2.621,0.02100789174437523,0.19870465993881226
