epoch,time,loss,val_loss
26,3.059,0.008318152278661728,0.15600667893886566
