epoch,time,loss,val_loss
5,1.981,0.06039225310087204,0.16127973794937134
