epoch,time,loss,val_loss
28,3.207,0.006521065719425678,0.22306598722934723
