epoch,time,loss,val_loss
27,7.08,0.0069544631987810135,0.010553746484220028
