epoch,time,loss,val_loss
49,3.142,0.0018764924025163054,0.01332283765077591
