epoch,time,loss,val_loss
28,3.192,0.01532710250467062,0.13346457481384277
