epoch,time,loss,val_loss
30,10.886,0.003782852552831173,0.009916686452925205
