epoch,time,loss,val_loss
57,12.055,0.0015119260642677546,0.002445837715640664
