epoch,time,loss,val_loss
33,3.442,0.004398929420858622,0.1509973704814911
