epoch,time,loss,val_loss
20,2.771,0.025667548179626465,0.19360950589179993
