epoch,time,loss,val_loss
49,14.038,0.003894733963534236,0.009541287086904049
