epoch,time,loss,val_loss
7,2.086,0.048880044370889664,0.16407541930675507
