epoch,time,loss,val_loss
89,14.867,0.001036844332702458,0.010044417344033718
