epoch,time,loss,val_loss
70,12.484,0.0031067461241036654,0.008552082814276218
