epoch,time,loss,val_loss
58,3.455,0.000833209021948278,0.019581403583288193
