epoch,time,loss,val_loss
56,15.331,0.0010453123832121491,0.008561886847019196
