epoch,time,loss,val_loss
15,5.084,0.003757006488740444,0.005052704829722643
