epoch,time,loss,val_loss
2,1.796,0.15589946508407593,0.20076020061969757
