epoch,time,loss,val_loss
39,12.742,0.002373809926211834,0.00799030065536499
