epoch,time,loss,val_loss
38,3.69,0.005556033458560705,0.19711782038211823
