epoch,time,loss,val_loss
25,2.243,0.03396594151854515,0.02533937245607376
