epoch,time,loss,val_loss
25,9.904,0.007666030898690224,0.012829156592488289
