epoch,time,loss,val_loss
36,8.677,0.004742594435811043,0.011272372677922249
