epoch,time,loss,val_loss
36,2.659,0.00029251177329570055,0.02124718576669693
