epoch,time,loss,val_loss
48,13.421,0.0009662682423368096,0.005057594273239374
