epoch,time,loss,val_loss
91,15.051,0.0031603218521922827,0.012895905412733555
