epoch,time,loss,val_loss
27,7.198,0.0029393834993243217,0.012951542623341084
