epoch,time,loss,val_loss
29,6.467,0.004838969092816114,0.0025864108465611935
