epoch,time,loss,val_loss
32,2.572,0.0022830322850495577,0.026903830468654633
