epoch,time,loss,val_loss
42,2.945,0.005744459107518196,0.013253282755613327
