epoch,time,loss,val_loss
37,12.14,0.0015342338010668755,0.007609658874571323
