epoch,time,loss,val_loss
66,5.154,0.004291180986911058,0.17047908902168274
