epoch,time,loss,val_loss
61,11.58,0.0017380142817273736,0.007177862338721752
