epoch,time,loss,val_loss
46,12.425,0.0011579521233215928,0.006133280228823423
