epoch,time,loss,val_loss
52,10.362,0.0021952891256660223,0.009716333821415901
