epoch,time,loss,val_loss
34,3.543,0.018466442823410034,0.17747648060321808
