epoch,time,loss,val_loss
31,3.34,0.007365986239165068,0.21572008728981018
