epoch,time,loss,val_loss
25,9.264,0.0011748321121558547,0.006708537694066763
