epoch,time,loss,val_loss
20,9.348,0.0028635160997509956,0.004920103587210178
