epoch,time,loss,val_loss
35,3.503,0.01625407673418522,0.19824470579624176
