epoch,time,loss,val_loss
94,4.989,0.01579640991985798,0.02647469937801361
