epoch,time,loss,val_loss
7,2.064,0.034441448748111725,0.24833908677101135
