epoch,time,loss,val_loss
76,18.824,0.0021407147869467735,0.01431260909885168
