epoch,time,loss,val_loss
13,2.348,0.013312608003616333,0.2413855940103531
