epoch,time,loss,val_loss
56,15.48,0.0016059755580499768,0.010677695274353027
