epoch,time,loss,val_loss
74,18.674,0.0030918321572244167,0.009961850941181183
