epoch,time,loss,val_loss
20,2.014,0.008807510137557983,0.025184854865074158
