epoch,time,loss,val_loss
63,4.955,0.013405394740402699,0.13804733753204346
