epoch,time,loss,val_loss
73,18.433,0.00526470085605979,0.010383585467934608
