epoch,time,loss,val_loss
60,2.278,0.578382134437561,0.5168740153312683
