epoch,time,loss,val_loss
12,1.158,0.604888916015625,0.5353516936302185
