epoch,time,loss,val_loss
30,1.653,0.5823897123336792,0.4525642693042755
