epoch,time,loss,val_loss
7,0.951,0.6065657138824463,0.5421085953712463
