epoch,time,loss,val_loss
14,1.175,0.5839279294013977,0.5390741229057312
