epoch,time,loss,val_loss
11,0.433,0.6069663166999817,0.5176368355751038
