epoch,time,loss,val_loss
42,1.911,0.5782647132873535,0.494759738445282
