epoch,time,loss,val_loss
19,1.452,0.6006284952163696,0.5164386034011841
