epoch,time,loss,val_loss
4,0.969,0.6198440790176392,0.5311528444290161
