epoch,time,loss,val_loss
25,1.546,0.5890778303146362,0.5431542992591858
