epoch,time,loss,val_loss
17,0.497,0.5694526433944702,0.5010201930999756
