epoch,time,loss,val_loss
50,2.32,0.594449520111084,0.47888192534446716
