epoch,time,loss,val_loss
18,1.345,0.5860981941223145,0.5489171743392944
