epoch,time,loss,val_loss
30,1.601,0.5978358387947083,0.49772214889526367
