epoch,time,loss,val_loss
14,1.141,0.5860319137573242,0.5450564026832581
