epoch,time,loss,val_loss
29,0.614,0.6033694744110107,0.5091649293899536
