epoch,time,loss,val_loss
23,1.437,0.5740858912467957,0.5326738357543945
