epoch,time,loss,val_loss
10,0.777,0.5570882558822632,0.519756019115448
