epoch,time,loss,val_loss
48,1.968,0.5772916078567505,0.5200745463371277
