epoch,time,loss,val_loss
9,0.459,0.5597970485687256,0.4949670433998108
