epoch,time,loss,val_loss
12,0.468,0.5768682956695557,0.5054423213005066
