epoch,time,loss,val_loss
35,1.932,0.5997048616409302,0.5475448369979858
