epoch,time,loss,val_loss
62,2.586,0.6005488634109497,0.49637940526008606
