epoch,time,loss,val_loss
25,1.63,0.5890729427337646,0.5292669534683228
