epoch,time,loss,val_loss
9,1.1,0.5709448456764221,0.5216960310935974
