epoch,time,loss,val_loss
20,1.301,0.5778259634971619,0.4916871190071106
