epoch,time,loss,val_loss
60,2.543,0.601003885269165,0.5111991763114929
