epoch,time,loss,val_loss
17,1.394,0.6027143001556396,0.5123651623725891
