epoch,time,loss,val_loss
121,3.786,0.570339560508728,0.5020104050636292
