epoch,time,loss,val_loss
2,0.912,0.6277333498001099,0.5240886211395264
