epoch,time,loss,val_loss
9,1.091,0.5845286250114441,0.5346245765686035
