epoch,time,loss,val_loss
13,1.132,0.6131147146224976,0.5413457751274109
