epoch,time,loss,val_loss
28,1.481,0.5769798755645752,0.4815042018890381
