epoch,time,loss,val_loss
5,0.973,0.6401374936103821,0.5391706824302673
