epoch,time,loss,val_loss
31,1.623,0.5783653855323792,0.5242978930473328
