epoch,time,loss,val_loss
3,0.33,0.5766091346740723,0.5133996605873108
