epoch,time,loss,val_loss
6,1.039,0.6245521306991577,0.4941766858100891
