epoch,time,loss,val_loss
37,1.817,0.5703274607658386,0.525409996509552
