epoch,time,loss,val_loss
12,1.221,0.6025881767272949,0.5137367248535156
