epoch,time,loss,val_loss
20,0.498,0.5966106653213501,0.5230703353881836
