epoch,time,loss,val_loss
13,1.199,0.6089367866516113,0.5099942684173584
