epoch,time,loss,val_loss
28,1.682,0.5900568962097168,0.5501207113265991
