epoch,time,loss,val_loss
13,1.32,0.6044321656227112,0.5194551944732666
