epoch,time,loss,val_loss
22,0.552,0.5786706805229187,0.5063973069190979
