epoch,time,loss,val_loss
28,1.715,0.6071516871452332,0.5398221015930176
