epoch,time,loss,val_loss
60,2.399,0.5857731699943542,0.5381208062171936
