epoch,time,loss,val_loss
17,1.39,0.6091634035110474,0.5704175233840942
