epoch,time,loss,val_loss
42,2.046,0.5798729658126831,0.4769977927207947
