epoch,time,loss,val_loss
24,1.494,0.6053169965744019,0.5755108594894409
