epoch,time,loss,val_loss
30,0.563,0.5772935152053833,0.4791819155216217
