epoch,time,loss,val_loss
36,1.66,0.5957642793655396,0.5428506135940552
