epoch,time,loss,val_loss
32,1.611,0.5866540670394897,0.49151045083999634
