epoch,time,loss,val_loss
33,1.668,0.592914879322052,0.520169734954834
