epoch,time,loss,val_loss
59,2.338,0.5746033787727356,0.515792191028595
