epoch,time,loss,val_loss
21,0.469,72.0799560546875,71.82196044921875
