epoch,time,loss,val_loss
11,1.285,0.6126067042350769,0.4977625608444214
