epoch,time,loss,val_loss
18,1.264,0.5830406546592712,0.5442212820053101
