epoch,time,loss,val_loss
64,2.447,0.5789252519607544,0.5229947566986084
