epoch,time,loss,val_loss
32,1.603,0.5871880650520325,0.5411523580551147
