epoch,time,loss,val_loss
39,0.71,0.568418025970459,0.5043058395385742
