epoch,time,loss,val_loss
17,0.629,0.5846784710884094,0.5011972784996033
