epoch,time,loss,val_loss
19,1.45,0.6005890369415283,0.5067996382713318
