epoch,time,loss,val_loss
37,0.752,0.6062222123146057,0.4929135739803314
