epoch,time,loss,val_loss
26,1.461,0.5639240741729736,0.4690670669078827
