epoch,time,loss,val_loss
43,0.729,0.560852587223053,0.5186036229133606
