epoch,time,loss,val_loss
29,1.732,0.5770052671432495,0.49790823459625244
