epoch,time,loss,val_loss
22,0.715,0.5822875499725342,0.49254587292671204
