epoch,time,loss,val_loss
0,0.382,0.5992744565010071,0.5096763968467712
