epoch,time,loss,val_loss
0,0.57,0.6022670865058899,0.46476128697395325
