epoch,time,loss,val_loss
5,0.468,0.5969561338424683,0.5186779499053955
