epoch,time,loss,val_loss
17,1.213,0.5751492977142334,0.4833182096481323
