epoch,time,loss,val_loss
40,0.763,0.5741477608680725,0.5165854096412659
