epoch,time,loss,val_loss
52,2.173,0.597452700138092,0.5182749629020691
