epoch,time,loss,val_loss
18,1.427,0.6015757918357849,0.527968168258667
