epoch,time,loss,val_loss
39,0.645,7.833198547363281,7.819129467010498
