epoch,time,loss,val_loss
33,1.682,0.6063364744186401,0.5232912302017212
