epoch,time,loss,val_loss
0,0.418,0.6148794293403625,0.47466912865638733
