epoch,time,loss,val_loss
7,0.979,0.6173996925354004,0.5428407192230225
