epoch,time,loss,val_loss
23,1.406,0.5788522958755493,0.5301277041435242
