epoch,time,loss,val_loss
11,1.052,0.6045275926589966,0.5036235451698303
