epoch,time,loss,val_loss
28,1.524,0.6090596318244934,0.5218393802642822
