epoch,time,loss,val_loss
29,1.629,0.5725428462028503,0.5096051692962646
