epoch,time,loss,val_loss
28,0.542,0.7651671767234802,0.7605197429656982
