epoch,time,loss,val_loss
37,1.793,0.5917554497718811,0.5341258645057678
