epoch,time,loss,val_loss
6,0.381,0.6129739880561829,0.5274165272712708
