epoch,time,loss,val_loss
46,0.851,0.5770559310913086,0.5250802040100098
