epoch,time,loss,val_loss
36,1.671,0.5618496537208557,0.5307832956314087
