epoch,time,loss,val_loss
27,1.571,0.5756016373634338,0.49622291326522827
