epoch,time,loss,val_loss
34,1.572,0.5768024921417236,0.515678882598877
