epoch,time,loss,val_loss
9,1.067,0.6066542863845825,0.5542799234390259
