epoch,time,loss,val_loss
13,0.486,0.5715212821960449,0.5307621359825134
