epoch,time,loss,val_loss
0,0.368,0.6012667417526245,0.4229844808578491
