epoch,time,loss,val_loss
14,1.301,0.6002121567726135,0.5001260638237
