epoch,time,loss,val_loss
39,1.943,0.5911046266555786,0.510933518409729
