epoch,time,loss,val_loss
12,0.469,1.4078203439712524,1.4026789665222168
