epoch,time,loss,val_loss
13,1.151,0.5953765511512756,0.5218459963798523
