epoch,time,loss,val_loss
38,1.826,0.6042214035987854,0.5474341511726379
