epoch,time,loss,val_loss
34,1.66,0.5929479598999023,0.4939107298851013
