epoch,time,loss,val_loss
21,0.493,0.6996896266937256,0.6926518082618713
