epoch,time,loss,val_loss
19,1.287,0.595557689666748,0.5364468693733215
