epoch,time,loss,val_loss
22,0.689,0.5794395804405212,0.48235538601875305
