epoch,time,loss,val_loss
25,1.448,0.5925254225730896,0.5200198888778687
