epoch,time,loss,val_loss
107,3.781,0.5704982876777649,0.4485095739364624
