epoch,time,loss,val_loss
50,2.016,0.5774721503257751,0.522465705871582
