epoch,time,loss,val_loss
46,1.926,0.5855873227119446,0.5111819505691528
