epoch,time,loss,val_loss
34,0.667,0.5847495198249817,0.4986652135848999
