epoch,time,loss,val_loss
23,1.452,0.6049519777297974,0.5046786665916443
