epoch,time,loss,val_loss
9,0.385,0.6102272272109985,0.4920995831489563
