epoch,time,loss,val_loss
19,1.331,0.5867030024528503,0.5151689052581787
