epoch,time,loss,val_loss
11,1.135,0.5912045836448669,0.49895137548446655
