epoch,time,loss,val_loss
72,1.208,0.5676444172859192,0.5088593363761902
