epoch,time,loss,val_loss
31,1.648,0.577585756778717,0.5490632653236389
