epoch,time,loss,val_loss
57,0.949,0.5547740459442139,0.5294018387794495
