,time,n_layers,n_neurons,loss,val_loss,test_loss,accuracy,precision,recall,f1
0,1.138,2,47,0.6610569953918457,0.6595038771629333,0.6586738228797913,60.209999999999994,1.7000000000000002,53.849999999999994,3.3000000000000003
