,time,n_layers,n_neurons,loss,val_loss,test_loss,accuracy,precision,recall,f1
0,15.603,7,234,0.6639550924301147,0.6596492528915405,0.6465492844581604,62.17,1.67,50.0,3.2199999999999998
