,time,n_layers,n_neurons,loss,val_loss,test_loss,accuracy,precision,recall,f1
0,18.754,10,146,0.6616506576538086,0.6597864031791687,0.6422300338745117,62.529999999999994,1.6500000000000001,49.04,3.19
