,time,n_layers,n_neurons,loss,val_loss,test_loss,accuracy,precision,recall,f1
0,6.852,16,360,0.6966649293899536,0.6720548272132874,0.7041203379631042,43.2,1.5599999999999998,71.15,3.06
