,time,n_layers,n_neurons,loss,val_loss,test_loss,accuracy,precision,recall,f1
0,7.742,3,475,0.66205894947052,0.659883975982666,0.6547675132751465,61.309999999999995,1.66,50.96000000000001,3.2099999999999995
