,time,n_layers,n_neurons,loss,val_loss,test_loss,accuracy,precision,recall,f1
0,16.445,9,380,0.6628816723823547,0.6595910787582397,0.6629907488822937,59.43000000000001,1.67,53.849999999999994,3.2399999999999998
