,time,n_layers,n_neurons,loss,val_loss,test_loss,accuracy,precision,recall,f1
0,17.448,15,297,0.6657519936561584,0.6606202125549316,0.6405820846557617,62.01,1.5699999999999998,47.12,3.0300000000000002
