,time,n_layers,n_neurons,loss,val_loss,test_loss,accuracy,precision,recall,f1
0,7.073,2,402,0.6619734764099121,0.6597808599472046,0.6574897766113281,59.940000000000005,1.66,52.88,3.2199999999999998
