,time,n_layers,n_neurons,loss,val_loss,test_loss,accuracy,precision,recall,f1
0,9.89,16,439,0.6794837117195129,0.6708861589431763,0.6749772429466248,59.019999999999996,1.59,51.92,3.09
