,time,n_layers,n_neurons,loss,val_loss,test_loss,accuracy,precision,recall,f1
0,14.004,5,225,0.6617625951766968,0.6597357392311096,0.6394702792167664,63.349999999999994,1.72,50.0,3.32
