,time,n_layers,n_neurons,loss,val_loss,test_loss,accuracy,precision,recall,f1
0,8.47,15,444,0.7125365734100342,0.6687406301498413,0.6018129587173462,66.24,1.69,45.190000000000005,3.26
