,time,n_layers,n_neurons,loss,val_loss,test_loss,accuracy,precision,recall,f1
0,21.598,16,138,0.661922037601471,0.6597764492034912,0.6525086164474487,60.86,1.67,51.92,3.2399999999999998
