,time,n_layers,n_neurons,loss,val_loss,test_loss,accuracy,precision,recall,f1
0,10.914,8,430,0.8514493107795715,0.6598284840583801,0.6635302901268005,59.47,1.7000000000000002,54.81,3.3000000000000003
