,time,n_layers,n_neurons,loss,val_loss,test_loss,accuracy,precision,recall,f1
0,9.456,11,486,0.6705927848815918,0.6609301567077637,0.6589193344116211,58.919999999999995,1.6199999999999999,52.88,3.1399999999999997
