,time,n_layers,n_neurons,loss,val_loss,test_loss,accuracy,precision,recall,f1
0,13.717,9,149,0.6620017290115356,0.6598449349403381,0.6626754403114319,59.36,1.67,53.849999999999994,3.2300000000000004
