,time,n_layers,n_neurons,loss,val_loss,test_loss,accuracy,precision,recall,f1
0,14.411,8,304,0.6623243689537048,0.6597196459770203,0.6584722399711609,60.089999999999996,1.6400000000000001,51.92,3.17
