,time,n_layers,n_neurons,loss,val_loss,test_loss,accuracy,precision,recall,f1
0,9.584,13,394,0.6701654195785522,0.6608206629753113,0.6787872910499573,56.31,1.58,54.81,3.06
