,time,n_layers,n_neurons,loss,val_loss,test_loss,accuracy,precision,recall,f1
0,12.005,9,214,0.6651828289031982,0.6600556969642639,0.6407309174537659,63.3,1.7500000000000002,50.96000000000001,3.38
