,time,n_layers,n_neurons,loss,val_loss,test_loss,accuracy,precision,recall,f1
0,25.848,12,33,0.6614547967910767,0.6596346497535706,0.6663225293159485,58.9,1.68,54.81,3.25
