,time,n_layers,n_neurons,loss,val_loss,test_loss,accuracy,precision,recall,f1
0,19.168,9,28,0.6612900495529175,0.6596996784210205,0.6617498397827148,59.46,1.7000000000000002,54.81,3.29
