,time,n_layers,n_neurons,loss,val_loss,test_loss,accuracy,precision,recall,f1
0,18.915,2,47,0.6608791351318359,0.6595553755760193,0.6472942233085632,62.11,1.76,52.88,3.4000000000000004
