,time,n_layers,n_neurons,loss,val_loss,test_loss,accuracy,precision,recall,f1
0,6.845,6,215,0.6633322238922119,0.6601946353912354,0.6396384835243225,63.3,1.78,51.92,3.44
