,time,n_layers,n_neurons,loss,val_loss,test_loss,accuracy,precision,recall,f1
0,14.618,8,44,0.6613422632217407,0.6597697734832764,0.6571423411369324,59.919999999999995,1.66,52.88,3.2199999999999998
