,time,n_layers,n_neurons,loss,val_loss,test_loss,accuracy,precision,recall,f1
0,8.759,8,190,0.66245436668396,0.6599091291427612,0.6472110748291016,61.760000000000005,1.68,50.96000000000001,3.25
