,time,n_layers,n_neurons,loss,val_loss,test_loss,accuracy,precision,recall,f1
0,17.108,6,63,0.6613191366195679,0.6595308780670166,0.6503481864929199,61.27,1.66,50.96000000000001,3.2099999999999995
