,time,n_layers,n_neurons,loss,val_loss,test_loss,accuracy,precision,recall,f1
0,14.936,7,133,0.6614201068878174,0.6596953272819519,0.6560847163200378,60.62,1.69,52.88,3.27
