,time,n_layers,n_neurons,loss,val_loss,test_loss,accuracy,precision,recall,f1
0,9.251,2,189,0.6614381074905396,0.659723699092865,0.6577863097190857,60.41,1.6500000000000001,51.92,3.2
