,time,n_layers,n_neurons,loss,val_loss,test_loss,accuracy,precision,recall,f1
0,18.931,10,457,0.6647225022315979,0.6600953340530396,0.6630282998085022,59.38,1.7000000000000002,54.81,3.29
