,time,n_layers,n_neurons,loss,val_loss,test_loss,accuracy,precision,recall,f1
0,11.089,3,177,0.6613773703575134,0.659542977809906,0.6538097262382507,60.89,1.73,53.849999999999994,3.35
