,time,n_layers,n_neurons,loss,val_loss,test_loss,accuracy,precision,recall,f1
0,17.786,18,162,0.6628357768058777,0.6599104404449463,0.6408277153968811,63.21,1.71,50.0,3.3099999999999996
