,time,n_layers,n_neurons,loss,val_loss,test_loss,accuracy,precision,recall,f1
0,21.908,13,171,0.6624565720558167,0.6597726941108704,0.6383095383644104,63.660000000000004,1.67,48.08,3.2300000000000004
