,time,n_layers,n_neurons,loss,val_loss,test_loss,accuracy,precision,recall,f1
0,18.454,12,241,0.662459135055542,0.6597855687141418,0.6566839218139648,60.28,1.7000000000000002,53.849999999999994,3.3000000000000003
