,time,n_layers,n_neurons,loss,val_loss,test_loss,accuracy,precision,recall,f1
0,9.786,2,147,0.6614080667495728,0.6595823764801025,0.6554421186447144,60.73,1.72,53.849999999999994,3.34
