,time,n_layers,n_neurons,loss,val_loss,test_loss,accuracy,precision,recall,f1
0,26.955,15,314,0.6966575384140015,0.6603306531906128,0.667708158493042,58.730000000000004,1.6099999999999999,52.88,3.1300000000000003
