,time,n_layers,n_neurons,loss,val_loss,test_loss,accuracy,precision,recall,f1
0,21.723,19,17,0.661300778388977,0.6597837805747986,0.6502190828323364,60.919999999999995,1.6099999999999999,50.0,3.1199999999999997
