,time,n_layers,n_neurons,loss,val_loss,test_loss,accuracy,precision,recall,f1
0,10.518,5,134,0.661628007888794,0.659804105758667,0.6418140530586243,62.77,1.66,49.04,3.2099999999999995
