,time,n_layers,n_neurons,loss,val_loss,test_loss,accuracy,precision,recall,f1
0,18.493,18,6,0.6616767048835754,0.6598405241966248,0.6402674317359924,62.92,1.73,50.96000000000001,3.35
