,time,n_layers,n_neurons,loss,val_loss,test_loss,accuracy,precision,recall,f1
0,16.254,16,64,0.6619164347648621,0.6598815321922302,0.6437921524047852,62.0,1.66,50.0,3.2099999999999995
