,time,n_layers,n_neurons,loss,val_loss,test_loss,accuracy,precision,recall,f1
0,9.625,7,338,0.6621788144111633,0.659869909286499,0.6552925109863281,60.370000000000005,1.6199999999999999,50.96000000000001,3.1399999999999997
