,time,n_layers,n_neurons,loss,val_loss,test_loss,accuracy,precision,recall,f1
0,3.105,8,304,0.6609317064285278,0.6595993041992188,0.6650860905647278,59.01,1.6199999999999999,52.88,3.15
