,time,n_layers,n_neurons,loss,val_loss,test_loss,accuracy,precision,recall,f1
0,29.273,19,86,0.6619486808776855,0.6597510576248169,0.6636696457862854,59.17,1.66,53.849999999999994,3.2199999999999998
