,time,n_layers,n_neurons,loss,val_loss,test_loss,accuracy,precision,recall,f1
0,16.984,4,13,0.6610231995582581,0.6595673561096191,0.6662826538085938,59.03,1.6199999999999999,52.88,3.15
