,time,n_layers,n_neurons,loss,val_loss,test_loss,accuracy,precision,recall,f1
0,19.84,14,267,0.6646377444267273,0.6599023342132568,0.6509835124015808,62.0,1.66,50.0,3.2099999999999995
