,time,n_layers,n_neurons,loss,val_loss,test_loss,accuracy,precision,recall,f1
0,10.372,14,220,0.6637431979179382,0.6605309247970581,0.6812613010406494,56.56,1.69,58.650000000000006,3.29
