,time,n_layers,n_neurons,loss,val_loss,test_loss,accuracy,precision,recall,f1
0,9.128,3,487,0.6618617177009583,0.6597795486450195,0.6735632419586182,58.10999999999999,1.6199999999999999,53.849999999999994,3.1399999999999997
