,time,n_layers,n_neurons,loss,val_loss,test_loss,accuracy,precision,recall,f1
0,10.806,4,316,0.6618136763572693,0.659812331199646,0.6690496802330017,58.440000000000005,1.71,56.730000000000004,3.3300000000000005
