,time,n_layers,n_neurons,loss,val_loss,test_loss,accuracy,precision,recall,f1
0,10.054,1,241,0.6612434387207031,0.6596115231513977,0.6453412771224976,62.23,1.67,50.0,3.2300000000000004
