,time,n_layers,n_neurons,loss,val_loss,test_loss,accuracy,precision,recall,f1
0,14.638,15,228,0.664086639881134,0.6600697636604309,0.6438738703727722,62.96000000000001,1.67,49.04,3.2300000000000004
