,time,n_layers,n_neurons,loss,val_loss,test_loss,accuracy,precision,recall,f1
0,9.954,16,94,0.6636144518852234,0.6603458523750305,0.6640424728393555,58.86,1.5599999999999998,50.96000000000001,3.0300000000000002
