,time,n_layers,n_neurons,loss,val_loss,test_loss,accuracy,precision,recall,f1
0,1.076,8,156,0.6609576344490051,0.6595864295959473,0.6640684604644775,59.28,1.69,54.81,3.2800000000000002
