,time,n_layers,n_neurons,loss,val_loss,test_loss,accuracy,precision,recall,f1
0,27.146,7,6,0.6609144806861877,0.6594644784927368,0.6553077697753906,60.95,1.67,51.92,3.2399999999999998
