,time,n_layers,n_neurons,loss,val_loss,test_loss,accuracy,precision,recall,f1
0,1.452,9,380,0.6609991788864136,0.6595635414123535,0.6444665193557739,62.7,1.7500000000000002,51.92,3.39
