,time,n_layers,n_neurons,loss,val_loss,test_loss,accuracy,precision,recall,f1
0,7.978,19,421,0.6720073223114014,0.6665783524513245,0.6283666491508484,68.34,1.73,43.269999999999996,3.3300000000000005
