,time,n_layers,n_neurons,loss,val_loss,test_loss,accuracy,precision,recall,f1
0,13.308,4,381,0.6614837646484375,0.6596021056175232,0.6537199020385742,60.72,1.63,50.96000000000001,3.17
