,time,n_layers,n_neurons,loss,val_loss,test_loss,accuracy,precision,recall,f1
0,13.685,17,183,0.6635204553604126,0.6606523990631104,0.6389458775520325,63.07000000000001,1.67,49.04,3.2399999999999998
