,time,n_layers,n_neurons,loss,val_loss,test_loss,accuracy,precision,recall,f1
0,15.652,17,213,0.6668069362640381,0.6600472927093506,0.6585820913314819,59.95,1.63,51.92,3.16
