,time,n_layers,n_neurons,loss,val_loss,test_loss,accuracy,precision,recall,f1
0,18.861,8,156,0.6617795825004578,0.6595931649208069,0.651827335357666,61.27,1.63,50.0,3.15
