,time,n_layers,n_neurons,loss,val_loss,test_loss,accuracy,precision,recall,f1
0,11.666,3,205,0.6612762212753296,0.659569501876831,0.6532440185546875,61.11,1.68,51.92,3.25
