,time,n_layers,n_neurons,loss,val_loss,test_loss,accuracy,precision,recall,f1
0,13.953,18,39,0.662273645401001,0.6599470973014832,0.6502421498298645,61.18,1.6500000000000001,50.96000000000001,3.2
