,time,n_layers,n_neurons,loss,val_loss,test_loss,accuracy,precision,recall,f1
0,7.319,18,414,0.7019311189651489,0.6745318174362183,0.6883242726325989,52.900000000000006,1.59,59.62,3.09
