,time,n_layers,n_neurons,loss,val_loss,test_loss,accuracy,precision,recall,f1
0,8.964,13,430,0.6686120629310608,0.6625741124153137,0.6117751002311707,68.11,1.6400000000000001,41.349999999999994,3.16
